county,type,vote_before,vote_after
1,rural,0.08513596886768937,0.6158293078187853
2,urban,0.2254366164561361,0.4296715254895389
3,rural,0.2745305229909718,0.6516556669957936
4,urban,0.2723050662316382,0.567737752571702
