state,AL,AK,AZ,AR,CA,CO,CT,DE,FL,GA,HI,ID,IL,IN,IA,KS,KY,LA,ME,MD,MA,MI,MN,MS,MO,MT,NE,NV,NH,NJ,NM,NY,NC,ND,OH,OK,OR,PA,RI,SC,SD,TN,TX,UT,VT,VA,WA,WV,WI,WY
gop,40.7971146167,34.6680645039,59.7484102333,51.4786257455,52.5724878861,52.8211684967,31.9700576831,54.7570590698,53.6459114752,44.6857931837,35.8329407894,37.7337709162,38.8983605476,34.6391411335,35.3168620169,30.7044894551,50.1405257033,46.3897546101,46.405368147,32.2954963613,56.4641026058,38.145515467,42.6521351002,39.8953173193,47.2245853138,41.3854636252,43.7260574824,46.7319759331,52.9411101434,50.4810738866,35.2019441337,57.9494529823,46.9693244272,53.9312867308,48.7483349768,36.5260253521,57.6629381091,59.5119360136,50.6808497733,53.5391732748,35.7073368737,31.0096292105,43.4884223412,44.5452941023,31.1506794579,40.8240148332,56.404822825,49.5169473253,35.5446486035,36.5482133534
dem,40.1179790637,35.8908421523,44.585999446,52.7151100128,58.0918015516,50.4976057657,39.0706814337,58.6718706647,31.8257260323,54.5839726017,34.6723248786,33.5480009182,59.6950453171,46.0368086211,49.1413785657,54.5696468884,52.364341754,33.5358981765,49.6784124733,56.618030495,32.2568589239,47.457940788,50.960985627,58.2068509748,46.8142693397,39.4066615915,57.8867429844,59.2187885125,52.0269050798,36.3328696182,54.8206451442,47.175176125,31.5641978569,36.1713368073,31.4775819867,56.3006975711,42.3335805768,36.1857634038,53.9202686981,57.8550822241,59.6249869047,59.2475237092,51.8920765026,37.5675128214,38.8595042587,49.1409035283,53.9488087501,31.5382002247,34.8853282118,44.5002155006
